1,google.com
2,youtube.com
3,tmall.com
4,facebook.com
5,qq.com
6,baidu.com
7,sohu.com
8,login.tmall.com
9,taobao.com
10,jd.com
11,360.cn
12,yahoo.com
13,wikipedia.org
14,amazon.com
15,weibo.com
16,pages.tmall.com
17,sina.com.cn
18,netflix.com
19,live.com
20,zoom.us
21,vk.com
22,okezone.com
23,reddit.com
24,xinhuanet.com
25,instagram.com
26,csdn.net
27,microsoft.com
28,office.com
29,alipay.com
30,babytree.com
31,blogspot.com
32,yahoo.co.jp
33,bongacams.com
34,twitch.tv
35,bing.com
36,myshopify.com
37,aliexpress.com
38,google.com.hk
39,stackoverflow.com
40,microsoftonline.com
41,ebay.com
42,zhanqi.tv
43,naver.com
44,livejasmin.com
45,tribunnews.com
46,amazon.co.jp
47,twitter.com
48,panda.tv
49,tianya.cn
50,chaturbate.com
51,google.co.in
52,linkedin.com
53,china.com.cn
54,adobe.com
55,apple.com
56,mail.ru
57,amazon.in
58,pornhub.com
59,sogou.com
60,msn.com
61,wordpress.com
62,imdb.com
63,yandex.ru
64,ok.ru
65,yy.com
66,google.co.jp
67,dropbox.com
68,aparat.com
69,google.com.br
70,detail.tmall.com
71,medium.com
72,grid.id
73,imgur.com
74,huanqiu.com
75,17ok.com
76,fandom.com
77,udemy.com
78,whatsapp.com
79,bbc.com
80,paypal.com
81,worldometers.info
82,roblox.com
83,github.com
84,spotify.com
85,jrj.com.cn
86,amazonaws.com
87,1688.com
88,walmart.com
89,rakuten.co.jp
90,xvideos.com
91,google.cn
92,detik.com
93,google.de
94,nytimes.com
95,slack.com
96,pixnet.net
97,soundcloud.com
98,mama.cn
99,ettoday.net
100,etsy.com
101,yao.tmall.com
102,google.ru
103,google.fr
104,bilibili.com
105,amazon.de
106,sindonews.com
107,force.com
108,tumblr.com
109,cnn.com
110,primevideo.com
111,stackexchange.com
112,bbc.co.uk
113,nih.gov
114,google.it
115,canva.com
116,padlet.com
117,indeed.com
118,amazon.co.uk
119,flipkart.com
120,google.es
121,xhamster.com
122,hao123.com
123,instructure.com
124,theguardian.com
125,kompas.com
126,indiatimes.com
127,pinterest.com
128,google.com.sg
129,globo.com
130,mercadolivre.com.br
131,google.com.tw
132,cnet.com
133,thestartmagazine.com
134,chase.com
135,bitly.com
136,soso.com
137,youm7.com
138,gome.com.cn
139,zhihu.com
140,onlinesbi.com
141,cnblogs.com
142,salesforce.com
143,iqoption.com
144,daum.net
145,craigslist.org
146,pixabay.com
147,so.com
148,tradingview.com
149,google.com.mx
150,google.com.tr
151,uol.com.br
152,gosuslugi.ru
153,shutterstock.com
154,savefrom.net
155,godaddy.com
156,zillow.com
157,wetransfer.com
158,google.co.uk
159,bestbuy.com
160,zendesk.com
161,researchgate.net
162,slideshare.net
163,mediafire.com
164,liputan6.com
165,booking.com
166,6.cn
167,grammarly.com
168,homedepot.com
169,3c.tmall.com
170,unsplash.com
171,avito.ru
172,tokopedia.com
173,speedtest.net
174,163.com
175,wix.com
176,w3schools.com
177,brilio.net
178,rednet.cn
179,washingtonpost.com
180,ikea.com
181,wikihow.com
182,amazon.ca
183,coursera.org
184,blogger.com
185,duckduckgo.com
186,hulu.com
187,ilovepdf.com
188,suara.com
189,google.com.eg
190,line.me
191,merdeka.com
192,setn.com
193,vimeo.com
194,xnxx.com
195,nicovideo.jp
196,espn.com
197,ladbible.com
198,healthline.com
199,ask.com
200,digikala.com
201,aliyun.com
202,telegram.org
203,tiktok.com
204,ebc.net.tw
205,google.ca
206,list.tmall.com
207,ofgogoatan.com
208,forbes.com
209,subject.tmall.com
210,alibaba.com
211,y2mate.com
212,ebay.de
213,discord.com
214,manoramaonline.com
215,quora.com
216,investing.com
217,office365.com
218,iqiyi.com
219,momoshop.com.tw
220,metropoles.com
221,ltn.com.tw
222,redd.it
223,uniqlo.tmall.com
224,bukalapak.com
225,eastday.com
226,google.com.ar
227,namnak.com
228,chouftv.ma
229,nvzhuang.tmall.com
230,nianhuo.tmall.com
231,tistory.com
232,lazada.sg
233,atlassian.net
234,steamcommunity.com
235,trello.com
236,t.co
237,google.com.sa
238,dailymotion.com
239,freepik.com
240,messenger.com
241,quizlet.com
242,dostor.org
243,target.com
244,otvfoco.com.br
245,protothema.gr
246,intuit.com
247,smallpdf.com
248,itnuzleafan.com
249,jianshu.com
250,taboola.com
251,evernote.com
252,ca.gov
253,usps.com
254,reverso.net
255,wayfair.com
256,51sole.com
257,gmw.cn
258,wellsfargo.com
259,thepiratebay.org
260,patria.org.ve
261,hespress.com
262,telewebion.com
263,amazon.es
264,food.tmall.com
265,ups.com
266,spao.tmall.com
267,idntimes.com
268,google.pl
269,jpnn.com
270,ameblo.jp
271,google.co.th
272,fiverr.com
273,epicgames.com
274,gamepedia.com
275,aliexpress.ru
276,hotstar.com
277,ebay-kleinanzeigen.de
278,google.co.id
279,behance.net
280,bet9ja.com
281,shaparak.ir
282,amazon.fr
283,skype.com
284,weather.com
285,sciencedirect.com
286,businessinsider.com
287,weebly.com
288,foxnews.com
289,hdfcbank.com
290,kumparan.com
291,get-express-vpn.com
292,itpatratr.com
293,ndtv.com
294,patch.com
295,googlevideo.com
296,t.me
297,neiyi.tmall.com
298,asos.com
299,thesaurus.com
300,amazon.it
301,mercadolibre.com.mx
302,sberbank.ru
303,steampowered.com
304,academia.edu
305,allegro.pl
306,aminoapps.com
307,wikimedia.org
308,scribd.com
309,binance.com
310,breitbart.com
311,mercadolibre.com.ar
312,51.la
313,freelancer.com
314,miao.tmall.com
315,softonic.com
316,amazon.cn
317,okta.com
318,dailymail.co.uk
319,bbom2b434493.com
320,pinimg.com
321,abs-cbn.com
322,google.co.kr
323,yts.mx
324,shopify.com
325,trustpilot.com
326,fedex.com
327,1337x.to
328,goodreads.com
329,gmx.net
330,borna.news
331,pulzo.com
332,cambridge.org
333,deepl.com
334,fiaharam.net
335,ikco.ir
336,archive.org
337,geeksforgeeks.org
338,capitalone.com
339,cloudfront.net
340,samsung.com
341,chess.com
342,sbc7wfnaakau.com
343,google.com.au
344,nike.com
345,heavy.com
346,lee.tmall.com
347,9gag.com
348,z3dmbpl6309s.com
349,dyson.tmall.com
350,aimer.tmall.com
351,au79nt5wic4x.com
352,mercari.com
353,wildberries.ru
354,albawabhnews.com
355,sportbible.com
356,qoo10.sg
357,dell.com
358,lowes.com
359,crabsecret.tmall.com
360,patreon.com
361,khanacademy.org
362,investopedia.com
363,gstatic.com
364,op.gg
365,nikkei.com
366,twimg.com
367,mathrubhumi.com
368,google.gr
369,ebay.co.uk
370,aol.com
371,elbalad.news
372,wixsite.com
373,icicibank.com
374,trendyol.com
375,err.tmall.com
376,amazon.com.mx
377,youporn.com
378,disneyplus.com
379,hp.com
380,web.de
381,n11.com
382,blackboard.com
383,cnnic.cn
384,kinopoisk.ru
385,zippyshare.com
386,dmm.co.jp
387,rambler.ru
388,hepsiburada.com
389,ecsw.ir
390,duolingo.com
391,hootsuite.com
392,myhome.tmall.com
393,namu.wiki
394,81.cn
395,caixa.gov.br
396,gap.tmall.com
397,kakao.com
398,xfinity.com
399,104.com.tw
400,beytoote.com
401,cnbc.com
402,orange.fr
403,ouedkniss.com
404,indiamart.com
405,divar.ir
406,google.com.vn
407,google.com.ua
408,gismeteo.ru
409,arcgis.com
410,americanas.com.br
411,in.gr
412,deviantart.com
413,eksisozluk.com
414,norton.com
415,bankofamerica.com
416,dcard.tw
417,uptodown.com
418,wish.com
419,amazon.com.br
420,rt.com
421,slickdeals.net
422,doubleclick.net
423,notion.so
424,huaban.com
425,realtor.com
426,webex.com
427,sudannews365.org
428,ensonhaber.com
429,who.int
430,inquirer.net
431,gfycat.com
432,wordpress.org
433,bp.blogspot.com
434,google.co.ve
435,tencent.com
436,sonhoo.com
437,spankbang.com
438,airbnb.com
439,playstation.com
440,ebay.com.au
441,fast.com
442,crunchyroll.com
443,leboncoin.fr
444,squarespace.com
445,properatersch.fun
446,box.com
447,17track.net
448,dbs.com.sg
449,wordreference.com
450,douban.com
451,tutorialspoint.com
452,irs.gov
453,ecosia.org
454,webmd.com
455,bbcollab.com
456,hoodsite.com
457,costco.com
458,wattpad.com
459,souq.com
460,hurriyet.com.tr
461,wondershare.com
462,bloomberg.com
463,yelp.com
464,redfin.com
465,genius.com
466,sourceforge.net
467,312168.com
468,hm.com
469,ny.gov
470,buyma.com
471,bet365.com
472,mit.edu
473,zoho.com
474,ytmp3.cc
475,canada.ca
476,libero.it
477,filimo.com
478,cdc.gov
479,weblio.jp
480,buzzfeed.com
481,kapanlagi.com
482,namasha.com
483,banvenez.com
484,td.com
485,shopee.co.id
486,youdao.com
487,alnaharegypt.com
488,issuu.com
489,upwork.com
490,wegotthiscovered.com
491,pikiran-rakyat.com
492,azure.com
493,biobiochile.cl
494,occuratedolp.club
495,haofang.net
496,onet.pl
497,reuters.com
498,infobae.com
499,fc2.com
500,olx.pl
501,outbrain.com
502,macys.com
503,wp.pl
504,google.cl
505,uchi.ru
506,naukri.com
507,istockphoto.com
508,moneycontrol.com
509,kissanime.ru
510,dnevnik.ru
511,mozilla.org
512,trendingnow.video
513,livejournal.com
514,gsmarena.com
515,springer.com
516,newstrend.news
517,cnbcindonesia.com
518,gainreel.tmall.com
519,alwafd.news
520,google.az
521,jackjones.tmall.com
522,elsevier.com
523,glassdoor.com
524,wsj.com
525,google.ro
526,ywart.com
527,uselnk.com
528,redtube.com
529,att.com
530,reclameaqui.com.br
531,jia.tmall.com
532,mgid.com
533,zerodha.com
534,google.com.pe
535,emol.com
536,kakaku.com
537,sabq.org
538,fun48.com
539,newegg.com
540,olx.com.br
541,elpais.com
542,alodokter.com
543,utorrent.com
544,tripadvisor.com
545,marketwatch.com
546,gamespot.com
547,ign.com
548,prothomalo.com
549,goo.ne.jp
550,thewhizmarketing.com
551,360.com
552,dhl.com
553,techradar.com
554,hindustantimes.com
555,files.wordpress.com
556,edmodo.com
557,kickstarter.com
558,wt.tmall.com
559,vnexpress.net
560,esprit.tmall.com
561,gmanetwork.com
562,mi.com
563,lenovo.com
564,basichouse.tmall.com
565,shimo.im
566,nhk.or.jp
567,varzesh3.com
568,58.com
569,udn.com
570,edx.org
571,chinaz.com
572,lifo.gr
573,ekaie.com
574,ku.tmall.com
575,discoveryexpedition.tmall.com
576,ultimate-guitar.com
577,surveymonkey.com
578,discordapp.com
579,urfs.tmall.com
580,typeform.com
581,accuweather.com
582,topshop.tmall.com
583,sahibinden.com
584,spzs.com
585,atlassian.com
586,indianexpress.com
587,new3c.tmall.com
588,ria.ru
589,gusuwang.com
590,google.com.co
591,lun.com
592,remove.bg
593,ibicn.com
594,ih5.cn
595,mileroticos.com
596,theepochtimes.com
597,ivi.ru
598,car.tmall.com
599,lenta.ru
600,oracle.com
601,epwk.com
602,hubspot.com
603,mega.nz
604,tandfonline.com
605,mos.ru
606,ninisite.com
607,redbubble.com
608,aofex.com
609,popads.net
610,justdial.com
611,cdninstagram.com
612,wowhead.com
613,themeforest.net
614,giphy.com
615,news18.com
616,google.co.za
617,mailchimp.com
618,digitaltrends.com
619,rediff.com
620,liansuo.com
621,zhiding.cn
622,jw.org
623,google.com.pk
624,bershka.tmall.com
625,kundelik.kz
626,farfetch.com
627,free.fr
628,citi.com
629,statista.com
630,91jm.com
631,triumph.tmall.com
632,efu.com.cn
633,google.ch
634,strava.com
635,coupang.com
636,xianjichina.com
637,memurlar.net
638,ouo.io
639,fool.com
640,shein.com
641,watch.tmall.com
642,nanxie.tmall.com
643,mawdoo3.com
644,asus.com
645,consultant.ru
646,proiezionidiborsa.it
647,scofield.tmall.com
648,marca.com
649,fairwhale.tmall.com
650,dictionary.com
651,banma.com
652,gap.com
653,rarbg.to
654,seznam.cz
655,tejaratnews.com
656,11st.co.kr
657,kohls.com
658,merriam-webster.com
659,lachapelle.tmall.com
660,nicsorts-accarade.com
661,google.dz
662,cyberleninka.ru
663,socialblade.com
664,iyiou.com
665,anta.tmall.com
666,chinadaily.com.cn
667,nanzhuang.tmall.com
668,focus.cn
669,google.pt
670,wiley.com
671,semir.tmall.com
672,usatoday.com
673,www.gov.cn
674,thefreedictionary.com
675,correios.com.br
676,thehindu.com
677,wiktionary.org
678,agah.com
679,kknews.cc
680,dagospia.com
681,toutiao.com
682,langsha.tmall.com
683,pngtree.com
684,inquisitr.com
685,feedly.com
686,as.com
687,protagonista.com.co
688,dw.com
689,harvard.edu
690,elwatannews.com
691,shopee.com.my
692,enimerotiko.gr
693,srvtrck.com
694,interia.pl
695,schoology.com
696,visualstudio.com
697,medicalnewstoday.com
698,exoclick.com
699,overstock.com
700,milliyet.com.tr
701,segmentfault.com
702,google.be
703,livedoor.com
704,pixiv.net
705,theverge.com
706,icloud.com
707,msi.com
708,alicdn.com
709,rockstargames.com
710,cna.com.tw
711,banggood.com
712,360doc.com
713,olx.ua
714,ozon.ru
715,noticias.uol.com.br
716,skroutz.gr
717,ipo.hk
718,hollisterco.tmall.com
719,britannica.com
720,npr.org
721,peacebird.tmall.com
722,nairaland.com
723,wp.com
724,kijiji.ca
725,elcomercio.com
726,rutracker.org
727,19888.tv
728,ampugi334f.com
729,figma.com
730,europa.eu
731,pchome.com.tw
732,postlnk.com
733,sozcu.com.tr
734,ceconline.com
735,kolonsport.tmall.com
736,repubblica.it
737,myway.com
738,chegg.com
739,shopee.vn
740,prezi.com
741,youku.com
742,sci-hub.tw
743,fidelity.com
744,brainly.lat
745,gyazo.com
746,tahiamasr.com
747,126.com
748,runoob.com
749,payu.in
750,youth.cn
751,onlyfans.com
752,yixiin.com
753,go.com
754,biblegateway.com
755,study.com
756,convertio.co
757,emofid.com
758,nvxie.tmall.com
759,pcmag.com
760,khtahmar.com
761,coursehero.com
762,mbc.net
763,nur.kz
764,shouji.tmall.com
765,gucn.tmall.com
766,zol.com.cn
767,chron.com
768,timeanddate.com
769,editor.wix.com
770,jeanswest.tmall.com
771,republika.co.id
772,chinachugui.com
773,chinayigui.com
774,edunet.net
775,gmarket.co.kr
776,topflownews.com
777,threegun.tmall.com
778,3solo.biz
779,nextdoor.com
780,ojooo.com
781,earthmusic.tmall.com
782,nyaa.si
783,nike.tmall.com
784,dickies.tmall.com
785,chatwork.com
786,neobux.com
787,yaklass.ru
788,sdamgia.ru
789,storm.mg
790,envato.com
791,rottentomatoes.com
792,vseigru.net
793,vtv.vn
794,usnews.com
795,docusign.com
796,bancodevenezuela.com
797,linktr.ee
798,marksandspencer.tmall.com
799,it.tmall.com
800,americanexpress.com
801,chinaweiyu.com
802,banesconline.com
803,dafont.com
804,ea.com
805,inps.it
806,bag.tmall.com
807,cnnindonesia.com
808,yeniakit.com.tr
809,uniqlo.com
810,cabbeen.tmall.com
811,elzmannews.com
812,creditkarma.com
813,amazon.com.au
814,online-convert.com
815,cpic.com.cn
816,dmm.com
817,qiannaimei.tmall.com
818,smm.cn
819,asriran.com
820,notjustok.com
821,royalbank.com
822,pexels.com
823,taleo.net
824,gotowebinar.com
825,gotomeeting.com
826,cima4u.io
827,lichess.org
828,123movies.la
829,rbc.ru
830,tsetmc.com
831,morningpost.com.cn
832,blizzard.com
833,world.tmall.com
834,y8.com
835,myanimelist.net
836,rokna.net
837,maniform.tmall.com
838,trulia.com
839,cnki.net
840,aastocks.com
841,pirate-bay.net
842,webinarjam.com
843,ezgif.com
844,battle.net
845,medianetto.com
846,jhu.edu
847,superuser.com
848,trontv.com
849,baike.com
850,dreamstime.com
851,las2orillas.co
852,subscene.com
853,huawei.com
854,ibm.com
855,westernjournal.com
856,telugu360.com
857,howtogeek.com
858,ytimg.com
859,mseav.com
860,dalfak.com
861,allrecipes.com
862,tempo.co
863,5ch.net
864,android.com
865,hi.ru
866,sxyprn.com
867,flickr.com
868,hh.ru
869,258.com
870,apkpure.com
871,livedoor.jp
872,chinafloor.cn
873,zara.com
874,protonmail.com
875,teamviewer.com
876,yumpu.com
877,nownews.com
878,hatenablog.com
879,bild.de
880,myntra.com
881,brainly.com
882,argaam.com
883,t-online.de
884,book.tmall.com
885,indiatoday.in
886,uptobox.com
887,gongkong.com
888,amazon.ae
889,2m.ma
890,ifeng.com
891,ptt.cc
892,xabbs.com
893,baby.tmall.com
894,powerapp.download
895,minecraft.net
896,xero.com
897,india.com
898,tinder.com
899,kaskus.co.id
900,adp.com
901,audible.com
902,people.com.cn
903,bzw315.com
904,eatthis.com
905,xhamsterlive.com
906,axisbank.co.in
907,edh.tw
908,honeys.tmall.com
909,mayoclinic.org
910,rencaijob.com
911,kompas.tv
912,google.com.my
913,winshang.com
914,thingiverse.com
915,google.nl
916,argentina.gob.ar
917,impots.gouv.fr
918,akamaized.net
919,etoro.com
920,xbox.com
921,dawn.com
922,discogs.com
923,nexusmods.com
924,mercadolibre.com
925,entrepreneur.com
926,filehorse.com
927,sehatq.com
928,jooble.org
929,hltv.org
930,discover.com
931,newbalance.tmall.com
932,cookpad.com
933,4channel.org
934,uzone.id
935,haoyer.com
936,rsalcau.com
937,kahoot.it
938,constantcontact.com
939,legit.ng
940,sinoptik.ua
941,asana.com
942,vvvdj.com
943,kissasian.sh
944,sports.tmall.com
945,umeng.com
946,huffpost.com
947,fazenda.gov.br
948,qualtrics.com
949,secureserver.net
950,tonlion.tmall.com
951,mismos.xyz
952,chip.de
953,house365.com
954,elmogaz.com
955,magazineluiza.com.br
956,tci.ir
957,turkiye.gov.tr
958,it168.com
959,bankmellat.ir
960,quizizz.com
961,sbrf.ru
962,myfreecams.com
963,soft98.ir
964,viewlnk.com
965,lining.tmall.com
966,xe.com
967,librus.pl
968,duniagames.co.id
969,kizlarsoruyor.com
970,crentgate.com
971,dota2.com
972,gridoto.com
973,discuss.com.hk
974,donya-e-eqtesad.com
975,yourdictionary.com
976,abc.net.au
977,elmundo.es
978,gds.it
979,lafuma.tmall.com
980,cdstm.cn
981,jagran.com
982,naver.jp
983,calvinklein.tmall.com
984,cmoney.tw
985,intel.com
986,google.at
987,kompasiana.com
988,mydramalist.com
989,bastillepost.com
990,iweihai.cn
991,drudgereport.com
992,informer.com
993,mobile.de
994,cnbeta.com
995,verizon.com
996,rezka.ag
997,tmtpost.com
998,huim.com
999,forever21.tmall.com
1000,kinogo.by
